{
    "ETTh1": {
      "24/24": {
        "mse": 20.41476746791499,
        "mae": 2.887488181172619
      },
      "36/36": {
        "mse": 21.1005252428624,
        "mae": 2.751416343607141
      },
      "48/48": {
        "mse": 18.900125185437233,
        "mae": 2.3452486200208322
      },
      "60/60": {
        "mse": 56.43872802936144,
        "mae": 4.677472055583335
      },
      "72/72": {
        "mse": 8.104853550713564,
        "mae": 1.7226821218353174
      },
    },
    "ETTm2": {
      "24/24": {
        "mse": 14.184053389815151,
        "mae": 2.617524212314969
      },
      "36/36": {
        "mse": 34.60277009113001,
        "mae": 3.9390732906167467
      },
      "48/48": {
        "mse": 41.56800032119941,
        "mae": 4.4130922479998524
      },
      "60/60": {
        "mse": 3.355682656407862,
        "mae": 1.2765605039145616
      },
      "72/72": {
        "mse": 144.55533342848753,
        "mae": 7.821860002667185
      },
      "84/84": {
        "mse": 5.186384574372492,
        "mae": 1.527833037635907
      },
      "96/96": {
        "mse": 25.303071213957153,
        "mae": 4.073671514623221
      }
    }
  }