{
  "overall": {
    "mse": 7.03248159175151,
    "mae": 1.541130960948411
  }
}