{
  "overall": {
    "mse": 9.522419445694844,
    "mae": 1.4603383030654762
  }
}