{
  "overall": {
    "mse": 14.468424842246487,
    "mae": 2.816287616290817
  }
}