{
  "overall": {
    "mse": 149.21024018807947,
    "mae": 7.986857482409524
  }
}