{
  "overall": {
    "mse": 55.17693908432983,
    "mae": 3.8158175479791643
  }
}