{
  "overall": {
    "mse": 22.935323760324724,
    "mae": 2.934820733571426
  }
}