{
  "overall": {
    "mse": 3.8699541525712555,
    "mae": 1.1934166778571427
  }
}