{
  "overall": {
    "mse": 17.075750958981057,
    "mae": 2.981150857035716
  }
}