{
  "overall": {
    "mse": 124.07379331890598,
    "mae": 7.388116976476186
  }
}