{
  "overall": {
    "mse": 11.375913649616539,
    "mae": 2.3620178800297613
  }
}