{
  "overall": {
    "mse": 76.78252706408962,
    "mae": 5.046914666842857
  }
}